city,station_id,Long,Lat,Year,PMten,PMDF,GP,ST,WP,Precipitation,PopD
Hong_kong,HKCW,114.143843,22.28487,2000,37.4,0.23936,29.83197892,27.342,9.914,2058.6,42465.78
Hong_kong,HKCW,114.143843,22.28487,2001,40.4,0.25856,30.69019524,27.602,11.522,2496.6,41224.08832
Hong_kong,HKCW,114.143843,22.28487,2002,32.6,0.20864,28.45926237,28.34,11.916,1292.1,41224.08832
Hong_kong,HKCW,114.143843,22.28487,2003,33.4,0.21376,29.3234588,28.398,13.01,1098.65,41461.56705
Hong_kong,HKCW,114.143843,22.28487,2004,43.2,0.27648,28.41830699,28.502,9.046,985.5,41461.56705
Hong_kong,HKCW,114.143843,22.28487,2005,35.4,0.22656,30.73008071,27.686,10.804,1430.8,41880.16
Hong_kong,HKCW,114.143843,22.28487,2006,34.8,0.22272,28.75285585,27.374,14.056,1503.8,41518.78624
Hong_kong,HKCW,114.143843,22.28487,2007,35.8,0.22912,29.35523683,28.146,10.36,1025.65,41518.78624
Hong_kong,HKCW,114.143843,22.28487,2008,34.2,0.21888,29.79207021,27.73,13.382,1642.5,41795.74868
Hong_kong,HKCW,114.143843,22.28487,2009,32,0.2048,28.68476095,28.778,12.684,952.65,41795.74868
Hong_kong,HKCW,114.143843,22.28487,2010,28,0.1792,28.11713759,27.958,9.254,1208.15,41792.43
Hong_kong,HKCW,114.143843,22.28487,2011,32.2,0.20608,28.66358843,28.622,11.192,876,41842.27904
Hong_kong,HKCW,114.143843,22.28487,2012,34.8,0.22272,28.43054215,28.44,12.954,1025.65,41842.27904
Hong_kong,HKCW,114.143843,22.28487,2013,25.6,0.16384,29.52375057,27.772,11.622,1310.35,42378.78669
Hong_kong,HKCW,114.143843,22.28487,2014,25.2,0.16128,28.00122673,28.55,10.648,1098.65,42378.78669
Hong_kong,HKCW,114.143843,22.28487,2015,26.8,0.17152,28.19303085,28.422,9.686,1427.15,42462.18
Hong_kong,HKCW,114.143843,22.28487,2016,23.4,0.14976,27.32977226,28.118,10.872,1941.8,42430.08278
Hong_kong,HKCW,114.143843,22.28487,2017,22.2,0.14208,28.97356391,28.33,11.746,1445.4,42430.08278
Hong_kong,HKCW,114.143843,22.28487,2018,22.8,0.14592,28.66805345,28.672,13.49,1492.85,43144.58797
Hong_kong,HKCW,114.143843,22.28487,2019,21.8,0.13952,28.03260288,28.046,10.102,1905.3,43144.58797
Hong_kong,HKCW,114.143843,22.28487,2020,13.2,0.08448,28.90531522,28.582,10.054,1828.65,42869.27
Hong_kong,HKMK,114.168657,22.32253,2000,50.4,0.32256,17.48954244,27.342,9.914,2058.6,33589.48
Hong_kong,HKMK,114.168657,22.32253,2001,63.6,0.40704,16.74218142,27.602,11.522,2496.6,39174.27393
Hong_kong,HKMK,114.168657,22.32253,2002,54.6,0.34944,16.27503647,28.34,11.916,1292.1,39174.27393
Hong_kong,HKMK,114.168657,22.32253,2003,52.6,0.33664,15.76375343,28.398,13.01,1098.65,39376.58873
Hong_kong,HKMK,114.168657,22.32253,2004,62.8,0.40192,15.46703572,28.502,9.046,985.5,39376.58873
Hong_kong,HKMK,114.168657,22.32253,2005,53.8,0.34432,15.12406409,27.686,10.804,1430.8,34995.86
Hong_kong,HKMK,114.168657,22.32253,2006,51.6,0.33024,16.39538167,27.374,14.056,1503.8,39419.01408
Hong_kong,HKMK,114.168657,22.32253,2007,51.6,0.33024,17.075544,28.146,10.36,1025.65,39419.01408
Hong_kong,HKMK,114.168657,22.32253,2008,48.6,0.31104,15.27960673,27.73,13.382,1642.5,39699.77538
Hong_kong,HKMK,114.168657,22.32253,2009,42.8,0.27392,14.8237801,28.778,12.684,952.65,39699.77538
Hong_kong,HKMK,114.168657,22.32253,2010,39,0.2496,16.448965,27.958,9.254,1208.15,36917.6
Hong_kong,HKMK,114.168657,22.32253,2011,41.6,0.26624,13.28676148,28.622,11.192,876,39784.85971
Hong_kong,HKMK,114.168657,22.32253,2012,37.6,0.24064,14.26215231,28.44,12.954,1025.65,39784.85971
Hong_kong,HKMK,114.168657,22.32253,2013,33.8,0.21632,14.31498951,27.772,11.622,1310.35,40814.38428
Hong_kong,HKMK,114.168657,22.32253,2014,34.2,0.21888,13.23795547,28.55,10.648,1098.65,40814.38428
Hong_kong,HKMK,114.168657,22.32253,2015,31.8,0.20352,13.83470252,28.422,9.686,1427.15,39678.2
Hong_kong,HKMK,114.168657,22.32253,2016,28.8,0.18432,15.2079104,28.118,10.872,1941.8,40910.83838
Hong_kong,HKMK,114.168657,22.32253,2017,28.4,0.18176,13.13200971,28.33,11.746,1445.4,40910.83838
Hong_kong,HKMK,114.168657,22.32253,2018,24.6,0.15744,15.13521233,28.672,13.49,1492.85,41813.5441
Hong_kong,HKMK,114.168657,22.32253,2019,26.8,0.17152,14.20931511,28.046,10.102,1905.3,41813.5441
Hong_kong,HKMK,114.168657,22.32253,2020,16.8,0.10752,14.80824948,28.582,10.054,1828.65,42403.21
Hong_kong,HKTP,114.231343,22.30972,2000,38,0.2432,48.62210268,27.342,9.914,2058.6,49269.29
Hong_kong,HKTP,114.231343,22.30972,2001,38.6,0.24704,44.03295014,27.602,11.522,2496.6,52018.02465
Hong_kong,HKTP,114.231343,22.30972,2002,36,0.2304,45.80159879,28.34,11.916,1292.1,52018.02465
Hong_kong,HKTP,114.231343,22.30972,2003,36.4,0.23296,46.81909321,28.398,13.01,1098.65,52463.41521
Hong_kong,HKTP,114.231343,22.30972,2004,40.8,0.26112,45.59021915,28.502,9.046,985.5,52463.41521
Hong_kong,HKTP,114.231343,22.30972,2005,34,0.2176,48.58217624,27.686,10.804,1430.8,51164.98
Hong_kong,HKTP,114.231343,22.30972,2006,36.2,0.23168,49.25214832,27.374,14.056,1503.8,52595.45593
Hong_kong,HKTP,114.231343,22.30972,2007,36.6,0.23424,37.33009848,28.146,10.36,1025.65,52595.45593
Hong_kong,HKTP,114.231343,22.30972,2008,36,0.2304,45.93416278,27.73,13.382,1642.5,53232.8458
Hong_kong,HKTP,114.231343,22.30972,2009,34,0.2176,49.47848049,28.778,12.684,952.65,53232.8458
Hong_kong,HKTP,114.231343,22.30972,2010,28.2,0.18048,47.29896319,27.958,9.254,1208.15,53763.74
Hong_kong,HKTP,114.231343,22.30972,2011,32,0.2048,45.53161296,28.622,11.192,876,53501.1785
Hong_kong,HKTP,114.231343,22.30972,2012,30,0.192,45.74192051,28.44,12.954,1025.65,53501.1785
Hong_kong,HKTP,114.231343,22.30972,2013,23,0.1472,41.78701319,27.772,11.622,1310.35,54352.53745
Hong_kong,HKTP,114.231343,22.30972,2014,25.2,0.16128,43.02671109,28.55,10.648,1098.65,54352.53745
Hong_kong,HKTP,114.231343,22.30972,2015,25.8,0.16512,45.13757239,28.422,9.686,1427.15,57520.37
Hong_kong,HKTP,114.231343,22.30972,2016,22.4,0.14336,40.94723599,28.118,10.872,1941.8,54563.09308
Hong_kong,HKTP,114.231343,22.30972,2017,20.4,0.13056,47.45305962,28.33,11.746,1445.4,54563.09308
Hong_kong,HKTP,114.231343,22.30972,2018,21.4,0.13696,47.20213831,28.672,13.49,1492.85,54685.49653
Hong_kong,HKTP,114.231343,22.30972,2019,22.2,0.14208,46.34626863,28.046,10.102,1905.3,54685.49653
Hong_kong,HKTP,114.231343,22.30972,2020,13.8,0.08832,50.40172302,28.582,10.054,1828.65,61149.53
Melbourne,10136,145.3285,-37.7751,2000,21.57399828,0.138073589,36.62860847,17.4,3.342,759.2,1455.09
Melbourne,10136,145.3285,-37.7751,2001,21.57399828,0.138073589,36.62860847,16.68,3.354,777.45,1743.605172
Melbourne,10136,145.3285,-37.7751,2002,20.71879078,0.132600261,36.62860847,16.678,3.918,565.75,1743.605172
Melbourne,10136,145.3285,-37.7751,2003,24.84372513,0.158999841,36.62860847,16.964,3.598,675.25,1752.605086
Melbourne,10136,145.3285,-37.7751,2004,14.51535182,0.092898252,36.8536935,16.07,3.588,755.55,1752.605086
Melbourne,10136,145.3285,-37.7751,2005,18.79338756,0.12027768,36.8536935,17.104,3.666,726.35,1543.904
Melbourne,10136,145.3285,-37.7751,2006,29.30891321,0.187577045,35.16002729,17.028,3.936,489.1,1755.725115
Melbourne,10136,145.3285,-37.7751,2007,22.42920578,0.143546917,36.35428843,18.298,3.636,686.2,1755.725115
Melbourne,10136,145.3285,-37.7751,2008,20.09806766,0.128627633,37.18334806,16.566,3.488,576.7,1801.000337
Melbourne,10136,145.3285,-37.7751,2009,24.67003434,0.15788822,36.06762683,17.674,3.79,624.15,1801.000337
Melbourne,10136,145.3285,-37.7751,2010,18.07457927,0.115677307,33.10726421,16.966,3.366,927.1,1687.64
Melbourne,10136,145.3285,-37.7751,2011,16.77660625,0.10737028,40.86556754,16.826,3.29,938.05,1811.214194
Melbourne,10136,145.3285,-37.7751,2012,18.29055979,0.117059583,34.80240869,17.132,3.678,810.3,1811.214194
Melbourne,10136,145.3285,-37.7751,2013,18.42609353,0.117926999,34.65006285,16.852,3.856,755.55,1881.776755
Melbourne,10136,145.3285,-37.7751,2014,21.78611452,0.139431133,34.91656748,17.74,4.112,609.55,1881.776755
Melbourne,10136,145.3285,-37.7751,2015,18.29055979,0.117059583,34.49322911,18.82,3.634,576.7,1825.08
Melbourne,10136,145.3285,-37.7751,2016,14.51535182,0.092898252,34.68824989,16.97,4.112,784.75,1887.76759
Melbourne,10136,145.3285,-37.7751,2017,17.69248638,0.113231913,35.75891237,17.962,3.492,715.4,1887.76759
Melbourne,10136,145.3285,-37.7751,2018,16.26564297,0.104100115,37.60370025,18.348,3.616,613.2,1945.161484
Melbourne,10136,145.3285,-37.7751,2019,19.11932979,0.122363711,37.7021044,17.996,3.898,613.2,1945.161484
Melbourne,10136,145.3285,-37.7751,2020,17.69248638,0.113231913,34.44161942,17.036,3.848,759.2,1949.004
Melbourne,1003,145.0306,-37.8048,2000,18.20833695,0.116533356,33.79373748,18.51,10.854,777.45,2038.24
Melbourne,1003,145.0306,-37.8048,2001,13.04694386,0.083500441,33.79373748,18.134,10.634,565.75,2128.537924
Melbourne,1003,145.0306,-37.8048,2002,19.90504662,0.127392298,33.79373748,17.892,12.214,675.25,2128.537924
Melbourne,1003,145.0306,-37.8048,2003,23.49440802,0.150364211,35.2018396,18.026,10.74,755.55,2163.243595
Melbourne,1003,145.0306,-37.8048,2004,16.79813209,0.107508045,33.79373748,17.62,11.618,726.35,2163.243595
Melbourne,1003,145.0306,-37.8048,2005,20.51136806,0.131272756,33.79373748,18.402,13.026,489.1,2162.61
Melbourne,1003,145.0306,-37.8048,2006,26.72604191,0.171046668,34.63370166,18.436,11.81,686.2,2169.324309
Melbourne,1003,145.0306,-37.8048,2007,22.27050836,0.142531254,36.32970919,19.244,11.158,576.7,2169.324309
Melbourne,1003,145.0306,-37.8048,2008,21.20710141,0.135725449,33.19237855,18.266,11.168,624.15,2314.968709
Melbourne,1003,145.0306,-37.8048,2009,24.6444514,0.157724489,33.72936355,19.054,11.826,927.1,2314.968709
Melbourne,1003,145.0306,-37.8048,2010,18.87626658,0.120808106,32.48213955,18.25,11.288,938.05,2363.93
Melbourne,1003,145.0306,-37.8048,2011,17.63146987,0.112841407,32.18642244,18.29,10.784,810.3,2326.490786
Melbourne,1003,145.0306,-37.8048,2012,19.86138937,0.127112892,33.22081045,18.724,12.018,755.55,2326.490786
Melbourne,1003,145.0306,-37.8048,2013,18.57771288,0.118897362,32.82105828,18.334,11.492,609.55,2429.736427
Melbourne,1003,145.0306,-37.8048,2014,24.00219148,0.153614025,33.16115145,19.188,12.584,576.7,2429.736427
Melbourne,1003,145.0306,-37.8048,2015,19.36882797,0.123960499,33.95746012,19.806,11.266,784.75,2556.43
Melbourne,1003,145.0306,-37.8048,2016,16.79813209,0.107508045,31.63666345,18.196,12.388,715.4,2435.990298
Melbourne,1003,145.0306,-37.8048,2017,19.36882797,0.123960499,32.97462445,19.224,10.578,613.2,2435.990298
Melbourne,1003,145.0306,-37.8048,2018,19.47864625,0.124663336,35.32242254,19.426,10.914,952.65,2460.610379
Melbourne,1003,145.0306,-37.8048,2019,22.1980826,0.142067729,35.65186025,19.172,12.258,952.65,2460.610379
Melbourne,1003,145.0306,-37.8048,2020,19.42373711,0.124311918,33.28046945,18.058,12.008,762.85,2460.610379
Melbourne,1001,145.0306,-37.7783,2000,18.20833694,0.116533356,37.2679933,18.51,10.854,883.3,2138.14
Melbourne,1001,145.0306,-37.7783,2001,17.17280711,0.109905965,37.2679933,18.134,10.634,992.8,2172.737495
Melbourne,1001,145.0306,-37.7783,2002,18.65478826,0.119390645,37.2679933,17.892,12.214,927.1,2172.737495
Melbourne,1001,145.0306,-37.7783,2003,21.84122127,0.139783816,36.00781554,18.026,10.74,660.65,2230.450863
Melbourne,1001,145.0306,-37.7783,2004,15.87837799,0.101621619,37.2679933,17.62,11.618,930.75,2230.450863
Melbourne,1001,145.0306,-37.7783,2005,17.6809793,0.113158268,37.2679933,18.402,13.026,770.15,2268.705
Melbourne,1001,145.0306,-37.7783,2006,24.5598625,0.15718312,44.03240654,18.436,11.81,813.95,2237.336229
Melbourne,1001,145.0306,-37.7783,2007,20.84049544,0.133379171,42.41773245,19.244,11.158,1131.5,2237.336229
Melbourne,1001,145.0306,-37.7783,2008,19.38851092,0.12408647,35.657556,18.266,11.168,1197.2,2384.835591
Melbourne,1001,145.0306,-37.7783,2009,23.0626726,0.147601105,39.35482617,19.054,11.826,1073.1,2384.835591
Melbourne,1001,145.0306,-37.7783,2010,18.46605313,0.11818274,40.30087222,18.25,11.288,985.5,2479.99
Melbourne,1001,145.0306,-37.7783,2011,15.21751464,0.097392094,37.05876784,18.29,10.784,854.1,2397.212327
Melbourne,1001,145.0306,-37.7783,2012,16.60625034,0.106280002,41.48783832,18.724,12.018,605.9,2397.212327
Melbourne,1001,145.0306,-37.7783,2013,16.08268042,0.102929155,41.89894611,18.334,11.492,737.3,2498.104884
Melbourne,1001,145.0306,-37.7783,2014,19.90933511,0.127419745,34.7508362,19.188,12.584,678.9,2498.104884
Melbourne,1001,145.0306,-37.7783,2015,16.34446538,0.104604578,43.89168863,19.806,11.266,573.05,2682.05
Melbourne,1001,145.0306,-37.7783,2016,15.87837799,0.101621619,42.24233154,18.196,12.388,562.1,2505.987631
Melbourne,1001,145.0306,-37.7783,2017,16.76455938,0.10729318,38.26124358,19.224,10.578,562.1,2505.987631
Melbourne,1001,145.0306,-37.7783,2018,17.87435251,0.114395856,41.07673052,19.426,10.914,562.1,2557.768087
Melbourne,1001,145.0306,-37.7783,2019,21.17000655,0.135488042,42.27265714,19.172,12.258,974.55,2557.768087
Melbourne,1001,145.0306,-37.7783,2020,16.76455938,0.10729318,40.65481719,18.058,12.008,828.55,2864.23
London,BLO,-0.125848,51.52229,2000,28.28187942,0.181004028,12.7702737,14.052,10.958,879.65,10301.25
London,BLO,-0.125848,51.52229,2001,28.64537138,0.183330377,12.43743603,14.068,11.346,598.6,10736.22955
London,BLO,-0.125848,51.52229,2002,34.93906852,0.223610039,14.13674934,14.302,10.848,722.7,10736.22955
London,BLO,-0.125848,51.52229,2003,29.21577543,0.186980963,12.12483812,15.024,10.64,562.1,10966.32382
London,BLO,-0.125848,51.52229,2004,22.42540229,0.143522575,13.2568806,14.726,12.624,678.9,10966.32382
London,BLO,-0.125848,51.52229,2005,23.30101598,0.149126502,16.39151832,14.72,11.016,693.5,10788.08
London,BLO,-0.125848,51.52229,2006,25.66334443,0.164245404,16.86663491,15.558,11.396,697.15,10990.9271
London,BLO,-0.125848,51.52229,2007,25.88891995,0.165689088,19.27071298,14.78,11.486,667.95,10990.9271
London,BLO,-0.125848,51.52229,2008,23.6966993,0.151658875,16.23866445,14.63,11.968,638.75,11167.51442
London,BLO,-0.125848,51.52229,2009,20.99113978,0.134343295,14.77920671,15.218,11.158,554.8,11167.51442
London,BLO,-0.125848,51.52229,2010,14.09656475,0.090218014,18.69329112,14.442,10.684,901.55,11500.02
London,BLO,-0.125848,51.52229,2011,21.03703557,0.134637028,18.67496358,14.686,10.948,689.85,11215.87037
London,BLO,-0.125848,51.52229,2012,16.7737538,0.107352024,17.65952878,13.9,11.646,766.5,11215.87037
London,BLO,-0.125848,51.52229,2013,16.26648387,0.104105497,12.88207894,13.816,11.388,722.7,11239.41302
London,BLO,-0.125848,51.52229,2014,17.12930852,0.109627575,13.89039636,14.82,10.956,646.05,11239.41302
London,BLO,-0.125848,51.52229,2015,19.1764,0.12272896,13.67428141,14.156,12.374,675.25,12137.86
London,BLO,-0.125848,51.52229,2016,17.59721905,0.112622202,14.68175792,14.496,11.526,675.25,11270.17374
London,BLO,-0.125848,51.52229,2017,17.10323851,0.109460726,11.49607321,15.362,11.334,781.1,11270.17374
London,BLO,-0.125848,51.52229,2018,17.51275013,0.112081601,15.1752718,16.274,11.652,803,11120.93039
London,BLO,-0.125848,51.52229,2019,18.370066,0.117568422,13.46136339,15.022,12.736,974.55,11120.93039
London,BLO,-0.125848,51.52229,2020,16.81442266,0.107612305,14.31895452,15.28,12.36,828.55,12789.25
London,BX,0.15891449,51.49061,2000,24.21938034,0.155004034,30.87486005,14.052,10.958,879.65,2450.12
London,BX,0.15891449,51.49061,2001,26.34508194,0.168608524,27.86387308,14.068,11.346,598.6,2683.04165
London,BX,0.15891449,51.49061,2002,24.19141611,0.154825063,28.36110577,14.302,10.848,722.7,2683.04165
London,BX,0.15891449,51.49061,2003,26.40349482,0.168982367,28.80285713,15.024,10.64,562.1,2587.400131
London,BX,0.15891449,51.49061,2004,20.41352449,0.130646557,30.67728633,14.726,12.624,678.9,2587.400131
London,BX,0.15891449,51.49061,2005,22.21208602,0.142157351,35.03659109,14.72,11.016,693.5,2493.2
London,BX,0.15891449,51.49061,2006,21.88921098,0.14009095,28.64465295,15.558,11.396,697.15,2589.843651
London,BX,0.15891449,51.49061,2007,19.86417427,0.127130715,26.85023083,14.78,11.486,667.95,2589.843651
London,BX,0.15891449,51.49061,2008,20.49903226,0.131193806,31.19870399,14.63,11.968,638.75,2645.754912
London,BX,0.15891449,51.49061,2009,19.01615944,0.12170342,32.10837928,15.218,11.158,554.8,2645.754912
London,BX,0.15891449,51.49061,2010,20.1425955,0.128912611,32.61054602,14.442,10.684,901.55,2581.9
London,BX,0.15891449,51.49061,2011,20.7211828,0.13261557,29.18230494,14.686,10.948,689.85,2658.705073
London,BX,0.15891449,51.49061,2012,17.62956174,0.112829195,27.88438913,13.9,11.646,766.5,2658.705073
London,BX,0.15891449,51.49061,2013,15.90782796,0.101810099,28.58630348,13.816,11.388,722.7,2795.421238
London,BX,0.15891449,51.49061,2014,14.47830108,0.092661127,28.68486332,14.82,10.956,646.05,2795.421238
London,BX,0.15891449,51.49061,2015,13.90052749,0.088963376,29.65542735,14.156,12.374,675.25,2646.79
London,BX,0.15891449,51.49061,2016,13.44993183,0.086079564,25.64327247,14.496,11.526,675.25,2810.688967
London,BX,0.15891449,51.49061,2017,13.49610222,0.086375054,26.41791563,15.362,11.334,781.1,2810.688967
London,BX,0.15891449,51.49061,2018,20.06716129,0.128429832,22.5192676,16.274,11.652,803,3012.103101
London,BX,0.15891449,51.49061,2019,20.56210753,0.131597488,23.79634051,15.022,12.736,828.55,3012.103101
London,BX,0.15891449,51.49061,2020,20.35436081,0.130267909,23.61845723,15.28,12.36,828.55,2708.11
London,GR,0.070766,51.45258,2000,26.69651909,0.170857722,43.52372455,14.71,10.958,879.65,2019.28
London,GR,0.070766,51.45258,2001,30.51151067,0.195273668,44.32378885,14.068,11.346,598.6,2620.59484
London,GR,0.070766,51.45258,2002,31.89508046,0.204128515,48.03298031,14.302,10.848,722.7,2620.59484
London,GR,0.070766,51.45258,2003,32.37692696,0.207212333,49.09689499,15.024,10.64,562.1,2531.177552
London,GR,0.070766,51.45258,2004,26.78159436,0.171402204,48.5680463,14.726,12.624,678.9,2531.177552
London,GR,0.070766,51.45258,2005,29.77140032,0.190536962,49.17971767,14.72,11.016,693.5,2170.63
London,GR,0.070766,51.45258,2006,28.07541391,0.179682649,45.36071461,15.558,11.396,697.15,2533.093531
London,GR,0.070766,51.45258,2007,25.18223317,0.161166292,45.45476089,14.78,11.486,667.95,2533.093531
London,GR,0.070766,51.45258,2008,17.8105567,0.113987563,48.77694522,14.63,11.968,638.75,2574.196425
London,GR,0.070766,51.45258,2009,30.645895,0.196133728,39.80747223,15.218,11.158,554.8,2574.196425
London,GR,0.070766,51.45258,2010,28.51690476,0.18250819,42.23375235,14.442,10.684,901.55,2374.64
London,GR,0.070766,51.45258,2011,20.29955701,0.129917165,42.34761837,14.686,10.948,689.85,2588.926802
London,GR,0.070766,51.45258,2012,17.23169183,0.110282828,43.75803068,13.9,11.646,766.5,2588.926802
London,GR,0.070766,51.45258,2013,27.891614,0.17850633,42.33992697,13.816,11.388,722.7,2736.578681
London,GR,0.070766,51.45258,2014,23.3352287,0.149345464,43.97878407,14.82,10.956,646.05,2736.578681
London,GR,0.070766,51.45258,2015,15.00759013,0.096048577,48.4519532,14.156,12.374,675.25,2571.72
London,GR,0.070766,51.45258,2016,16.25597188,0.10403822,50.74286586,14.496,11.526,675.25,2754.766798
London,GR,0.070766,51.45258,2017,16.23770609,0.103921319,42.07910461,15.362,11.334,781.1,2754.766798
London,GR,0.070766,51.45258,2018,18.89589491,0.120933727,40.9954545,16.274,11.652,803,2947.733162
London,GR,0.070766,51.45258,2019,17.89657143,0.114538057,41.79865546,15.022,12.736,554.8,2947.733162
London,GR,0.070766,51.45258,2020,16.82312169,0.107667979,44.9463489,15.28,12.36,613.2,2779.89
Berlin,DEBE010,52.543041,13.34933,2000,22.40664446,0.143402525,37.43716316,16.836,10.302,726.35,3922.12
Berlin,DEBE010,52.543041,13.34933,2001,22.96676353,0.146987287,40.28498515,16.406,10.34,419.75,3916.266023
Berlin,DEBE010,52.543041,13.34933,2002,30.59700426,0.195820827,40.75089246,16.772,10.796,573.05,3916.266023
Berlin,DEBE010,52.543041,13.34933,2003,24.59676158,0.157419274,39.17402471,17.862,11.322,594.95,3909.494573
Berlin,DEBE010,52.543041,13.34933,2004,18.93328182,0.121173004,32.09261235,16.074,10.168,489.1,3909.494573
Berlin,DEBE010,52.543041,13.34933,2005,20.01573317,0.128100692,35.90184732,15.95,9.652,799.35,3910.42
Berlin,DEBE010,52.543041,13.34933,2006,24.01299047,0.153683139,36.96137271,17.132,9.21,627.8,3909.164691
Berlin,DEBE010,52.543041,13.34933,2007,24.08504982,0.154144319,38.00651129,16.928,11.406,587.65,3909.164691
Berlin,DEBE010,52.543041,13.34933,2008,17.92686641,0.114731945,35.0478532,16.754,10.51,799.35,3906.993901
Berlin,DEBE010,52.543041,13.34933,2009,21.66298629,0.138643112,33.9872536,17.122,10.32,697.15,3906.993901
Berlin,DEBE010,52.543041,13.34933,2010,27.82175021,0.178059201,30.51253445,16.104,10.196,609.55,3887.21
Berlin,DEBE010,52.543041,13.34933,2011,20.86253982,0.133520255,35.99169482,16.136,11.026,598.6,3907.093721
Berlin,DEBE010,52.543041,13.34933,2012,27.00086222,0.172805518,31.11467405,16.14,10.516,562.1,3907.093721
Berlin,DEBE010,52.543041,13.34933,2013,22.78041371,0.145794648,41.45471591,16.452,9.166,551.15,3909.045889
Berlin,DEBE010,52.543041,13.34933,2014,16.45646978,0.105321407,33.0088927,17.022,9.96,503.7,3909.045889
Berlin,DEBE010,52.543041,13.34933,2015,16.95863452,0.108535261,34.8057611,16.922,11.328,792.05,3912.03
Berlin,DEBE010,52.543041,13.34933,2016,18.11130919,0.115912379,36.96953409,17.192,9.556,441.65,3909.077472
Berlin,DEBE010,52.543041,13.34933,2017,17.15200099,0.109772806,38.66270657,16.062,9.75,489.1,3909.077472
Berlin,DEBE010,52.543041,13.34933,2018,18.9712172,0.12141579,32.737601,19.28,10.486,580.35,3907.801897
Berlin,DEBE010,52.543041,13.34933,2019,14.33083575,0.091717349,34.39960803,18.498,9.454,573.05,3907.801897
Berlin,DEBE010,52.543041,13.34933,2020,20.49356482,0.131158815,36.57707738,17.132,10.392,616.85,3906.87
Berlin,DEBE034,52.489451,13.43084,2000,25.66073952,0.164228733,28.25122026,16.836,10.302,737.3,3922.12
Berlin,DEBE034,52.489451,13.43084,2001,20.10978048,0.128702595,30.98282546,16.406,10.34,405.15,3916.533018
Berlin,DEBE034,52.489451,13.43084,2002,28.62508343,0.183200534,26.17240008,16.772,10.796,584,3916.533018
Berlin,DEBE034,52.489451,13.43084,2003,25.92865935,0.16594342,27.40975577,17.862,11.322,594.95,3909.476699
Berlin,DEBE034,52.489451,13.43084,2004,22.33552058,0.142947332,31.29768076,16.074,10.168,456.25,3909.476699
Berlin,DEBE034,52.489451,13.43084,2005,22.4819797,0.14388467,30.53501314,15.95,9.652,788.4,3910.42
Berlin,DEBE034,52.489451,13.43084,2006,24.83093986,0.158918015,34.71459803,17.132,9.21,635.1,3909.165215
Berlin,DEBE034,52.489451,13.43084,2007,23.56681344,0.150827606,31.80526628,16.928,11.406,598.6,3909.165215
Berlin,DEBE034,52.489451,13.43084,2008,24.00676208,0.153643277,30.55333526,16.754,10.51,799.35,3906.792737
Berlin,DEBE034,52.489451,13.43084,2009,24.52267559,0.156945124,33.10682522,17.122,10.32,700.8,3906.792737
Berlin,DEBE034,52.489451,13.43084,2010,21.80888857,0.139576887,28.9628597,16.104,10.196,609.55,3887.21
Berlin,DEBE034,52.489451,13.43084,2011,18.57838571,0.118901669,33.69160386,16.136,11.026,584,3906.903827
Berlin,DEBE034,52.489451,13.43084,2012,19.41080723,0.124229166,33.38955337,16.14,10.516,551.15,3906.903827
Berlin,DEBE034,52.489451,13.43084,2013,22.14687811,0.14174002,30.30055008,16.452,9.166,540.2,3909.103637
Berlin,DEBE034,52.489451,13.43084,2014,20.48329592,0.131093094,33.26076821,17.022,9.96,540.2,3909.103637
Berlin,DEBE034,52.489451,13.43084,2015,20.07946631,0.128508584,31.69213661,16.922,11.328,821.25,3912.03
Berlin,DEBE034,52.489451,13.43084,2016,20.57417864,0.131674743,33.03742935,17.192,9.556,456.25,3909.135221
Berlin,DEBE034,52.489451,13.43084,2017,19.53117382,0.124999512,33.36852036,16.062,9.75,489.1,3909.135221
Berlin,DEBE034,52.489451,13.43084,2018,23.05908447,0.147578141,29.56881306,19.28,10.486,569.4,3907.756207
Berlin,DEBE034,52.489451,13.43084,2019,19.39617207,0.124135501,30.57421722,18.498,9.454,554.8,3907.756207
Berlin,DEBE034,52.489451,13.43084,2020,16.38240542,0.104847395,27.57609739,17.132,10.392,613.2,3906.87
Berlin,DEBE065,52.514072,13.46993,2000,31.89773874,0.204145528,27.30441046,16.836,10.176,726.35,3922.12
Berlin,DEBE065,52.514072,13.46993,2001,28.84248022,0.184591873,28.94682242,16.34,10.396,419.75,3916.140589
Berlin,DEBE065,52.514072,13.46993,2002,38.03158827,0.243402165,34.16731442,16.882,10.85,573.05,3916.140589
Berlin,DEBE065,52.514072,13.46993,2003,36.63397847,0.234457462,27.67591942,17.834,11.222,594.95,3909.464772
Berlin,DEBE065,52.514072,13.46993,2004,31.0816928,0.198922834,31.0710084,16.104,10.098,489.1,3909.464772
Berlin,DEBE065,52.514072,13.46993,2005,31.29175886,0.200267257,28.84579555,15.908,9.746,799.35,3910.42
Berlin,DEBE065,52.514072,13.46993,2006,32.11535171,0.205538251,28.70071069,17.402,9.148,627.8,3909.073473
Berlin,DEBE065,52.514072,13.46993,2007,28.89854402,0.184950682,30.49439728,17.014,11.292,587.65,3909.073473
Berlin,DEBE065,52.514072,13.46993,2008,27.66921121,0.177082952,33.27120905,16.758,10.346,799.35,3906.82138
Berlin,DEBE065,52.514072,13.46993,2009,30.51667952,0.195306749,28.77384028,17.132,10.288,697.15,3906.82138
Berlin,DEBE065,52.514072,13.46993,2010,27.64235435,0.176911068,31.36523975,16.13,10.194,609.55,3887.21
Berlin,DEBE065,52.514072,13.46993,2011,22.59912675,0.144634411,27.55086429,16.298,11.456,598.6,3906.92281
Berlin,DEBE065,52.514072,13.46993,2012,23.39240289,0.149711378,28.83598437,16.346,10.606,562.1,3906.92281
Berlin,DEBE065,52.514072,13.46993,2013,26.71512772,0.170976817,30.29284213,16.656,9.108,551.15,3908.90111
Berlin,DEBE065,52.514072,13.46993,2014,24.43812563,0.156404004,30.04226585,17.182,9.85,503.7,3908.90111
Berlin,DEBE065,52.514072,13.46993,2015,25.23496758,0.161503792,26.94426102,17.082,11.126,792.05,3912.03
Berlin,DEBE065,52.514072,13.46993,2016,23.11900114,0.147961607,33.36205615,17.164,10.1,441.65,3908.944617
Berlin,DEBE065,52.514072,13.46993,2017,22.83865065,0.146167364,32.19370624,15.984,9.78,489.1,3908.944617
Berlin,DEBE065,52.514072,13.46993,2018,23.36742856,0.149551543,31.05895719,19.228,10.218,580.35,3907.711296
Berlin,DEBE065,52.514072,13.46993,2019,22.65641428,0.145001051,32.84547458,18.594,9.482,1178.95,3907.711296
Berlin,DEBE065,52.514072,13.46993,2020,21.03292674,0.134610731,33.41169845,17.186,10.38,1310.35,3906.87
Vancouver,AC,-122.3097,49.0428,2000,13.9231828,0.08910837,24.27848604,12.75,3.754,1160.7,2605.2
Vancouver,AC,-122.3097,49.0428,2001,13.12888889,0.084024889,21.1203253,12.49,4.34,1470.95,2692.232481
Vancouver,AC,-122.3097,49.0428,2002,13.22222222,0.084622222,26.85954326,13.034,4.254,1324.95,2692.232481
Vancouver,AC,-122.3097,49.0428,2003,15.09572043,0.096612611,23.87572341,13.662,3.678,1295.75,2744.425922
Vancouver,AC,-122.3097,49.0428,2004,15.31780844,0.098033974,26.46064719,14.766,3.668,1460,2744.425922
Vancouver,AC,-122.3097,49.0428,2005,14.20195402,0.090892506,21.11443819,13.802,3.828,1573.15,2798.77
Vancouver,AC,-122.3097,49.0428,2006,15.50886499,0.099256736,21.74828811,13.598,3.712,1168,2752.077931
Vancouver,AC,-122.3097,49.0428,2007,12.73909187,0.081530188,17.93589445,13.006,3.676,1281.15,2752.077931
Vancouver,AC,-122.3097,49.0428,2008,12.20156989,0.078090047,22.6175732,12.294,4.03,1346.85,2853.956593
Vancouver,AC,-122.3097,49.0428,2009,13.90248029,0.088975874,28.13914767,13.486,3.784,1416.2,2853.956593
Vancouver,AC,-122.3097,49.0428,2010,12.93709048,0.082797379,19.08188274,12.612,4.812,1525.7,3021.16
Vancouver,AC,-122.3097,49.0428,2011,10.85470968,0.069470142,24.87165915,11.7,3.802,1222.75,2858.776528
Vancouver,AC,-122.3097,49.0428,2012,11.96021676,0.076545387,22.11053474,12.79,3.632,1584.1,2858.776528
Vancouver,AC,-122.3097,49.0428,2013,11.17913978,0.071546495,24.59952357,13.802,3.998,1423.5,3066.470075
Vancouver,AC,-122.3097,49.0428,2014,12.17055914,0.077891578,21.00199449,14.136,3.368,1536.65,3066.470075
Vancouver,AC,-122.3097,49.0428,2015,13.57331818,0.086869236,25.67132141,14.846,4.246,1547.6,3239.31
Vancouver,AC,-122.3097,49.0428,2016,13.44285714,0.086034286,18.7575401,14.706,3.662,1525.7,3071.034969
Vancouver,AC,-122.3097,49.0428,2017,13.93372035,0.08917581,23.52201131,13.932,4.556,1135.15,3071.034969
Vancouver,AC,-122.3097,49.0428,2018,15.13061444,0.096835932,22.26461743,14.474,3.506,1737.4,3214.046681
Vancouver,AC,-122.3097,49.0428,2019,10.58027957,0.067713789,18.68224999,14.288,3.796,1967.35,3214.046681
Vancouver,AC,-122.3097,49.0428,2020,9.278052936,0.059379539,21.95645204,13.45,4.002,2160.8,3442.69
Vancouver,BKP,-122.9711,49.2794,2000,12.22493437,0.07823958,28.40424975,10.662,3.598,1890.7,1788.6
Vancouver,BKP,-122.9711,49.2794,2001,12.54931762,0.080315633,27.64192126,10.59,4.028,2365.2,2334.36929
Vancouver,BKP,-122.9711,49.2794,2002,13.37627067,0.085608132,31.41672969,11.028,3.698,1956.4,2334.36929
Vancouver,BKP,-122.9711,49.2794,2003,14.85289474,0.095058526,27.37770824,11.702,3.596,2182.7,2381.735773
Vancouver,BKP,-122.9711,49.2794,2004,14.05412903,0.089946426,31.69168459,13.088,3.484,2405.35,2381.735773
Vancouver,BKP,-122.9711,49.2794,2005,12.87965591,0.082429798,28.61271759,12.136,3.6,2646.25,1944.55
Vancouver,BKP,-122.9711,49.2794,2006,14.10449462,0.090268766,29.23246797,11.92,3.512,1803.1,2389.075982
Vancouver,BKP,-122.9711,49.2794,2007,12.3455914,0.079011785,27.09112923,11.114,3.394,1985.6,2389.075982
Vancouver,BKP,-122.9711,49.2794,2008,13.10514572,0.083872933,30.46033856,10.312,3.806,2263,2475.192058
Vancouver,BKP,-122.9711,49.2794,2009,12.64958065,0.080957316,28.19578191,11.758,3.536,2230.15,2475.192058
Vancouver,BKP,-122.9711,49.2794,2010,9.958173075,0.063732308,27.7548993,10.922,4.66,2368.85,2124.25
Vancouver,BKP,-122.9711,49.2794,2011,10.32733333,0.066094933,33.38741057,9.762,3.188,1744.7,2479.572617
Vancouver,BKP,-122.9711,49.2794,2012,11.31904688,0.0724419,31.08163798,10.948,3.288,2299.5,2479.572617
Vancouver,BKP,-122.9711,49.2794,2013,10.31114127,0.065991304,26.99756576,12.052,3.344,2120.65,2651.508827
Vancouver,BKP,-122.9711,49.2794,2014,9.875333333,0.063202133,29.21881241,12.524,3.066,2445.5,2651.508827
Vancouver,BKP,-122.9711,49.2794,2015,9.889523808,0.063292952,29.4136651,13.376,4.11,2281.25,2304.96
Vancouver,BKP,-122.9711,49.2794,2016,7.908064516,0.050611613,29.52315935,12.904,3.442,2314.1,2655.862276
Vancouver,BKP,-122.9711,49.2794,2017,8.572903226,0.054866581,27.03539321,11.892,4.036,1657.1,2655.862276
Vancouver,BKP,-122.9711,49.2794,2018,9.728817204,0.06226443,31.88490875,12.804,3.236,2317.75,2837.389643
Vancouver,BKP,-122.9711,49.2794,2019,5.868451613,0.03755809,27.82835189,12.648,3.606,1146.1,2837.389643
Vancouver,BKP,-122.9711,49.2794,2020,6.092997348,0.038995183,26.86563966,11.538,3.73,1288.45,2479.07
Vancouver,BS,-122.9856,49.2153,2000,12.92738154,0.082735242,19.12920665,13.544,5.098,1073.1,3507.6
Vancouver,BS,-122.9856,49.2153,2001,13.68574194,0.087588748,20.34486102,13.41,6.076,1354.15,3645.92156
Vancouver,BS,-122.9856,49.2153,2002,15.19853763,0.097270641,18.06209809,13.522,5.384,1208.15,3645.92156
Vancouver,BS,-122.9856,49.2153,2003,14.63652725,0.093673774,21.28935808,14.422,5.114,1284.8,3736.071136
Vancouver,BS,-122.9856,49.2153,2004,14.65577419,0.093796955,19.01612558,14.898,5.096,1372.4,3736.071136
Vancouver,BS,-122.9856,49.2153,2005,14.15849462,0.090614366,18.52983724,14.084,5.512,1441.75,3813.43
Vancouver,BS,-122.9856,49.2153,2006,15.10202151,0.096652938,17.80614889,13.99,4.926,1051.2,3751.305316
Vancouver,BS,-122.9856,49.2153,2007,13.09135484,0.083784671,20.67984398,13.502,5.352,1127.85,3751.305316
Vancouver,BS,-122.9856,49.2153,2008,13.98062366,0.089475991,16.31353224,12.876,5.474,1281.15,3891.226986
Vancouver,BS,-122.9856,49.2153,2009,15.31152688,0.097993772,17.68212709,13.7,5.064,1241,3891.226986
Vancouver,BS,-122.9856,49.2153,2010,13.58877419,0.086968155,20.25141051,13.446,7.118,1390.65,4165.82
Vancouver,BS,-122.9856,49.2153,2011,11.81801706,0.075635309,15.60814931,12.786,4.84,1043.9,3912.542214
Vancouver,BS,-122.9856,49.2153,2012,12.64969562,0.080958052,15.83526083,13.292,5.084,1372.4,3912.542214
Vancouver,BS,-122.9856,49.2153,2013,10.18362903,0.065175226,17.59783251,14.268,4.984,1295.75,3980.291547
Vancouver,BS,-122.9856,49.2153,2014,10.21815054,0.065396163,15.43426772,14.634,4.54,1485.55,3980.291547
Vancouver,BS,-122.9856,49.2153,2015,11.29769225,0.07230523,15.987246,15.398,5.49,1412.55,4520.21
Vancouver,BS,-122.9856,49.2153,2016,9.988903967,0.063928985,15.54367061,15.514,4.814,1408.9,4044.160175
Vancouver,BS,-122.9856,49.2153,2017,12.15109677,0.077767019,15.68327565,14.452,6.33,1040.25,4044.160175
Vancouver,BS,-122.9856,49.2153,2018,14.08564294,0.090148115,17.44041691,14.954,4.82,1470.95,4068.309071
Vancouver,BS,-122.9856,49.2153,2019,9.352376344,0.059855209,17.48238306,15.014,5.192,317.55,4068.309071
Vancouver,BS,-122.9856,49.2153,2020,8.419290323,0.053883458,15.43036793,14.412,5.464,383.25,4861.65
Los_angeles,Anheim,-117.9385,33.8306,2000,14.17777778,0.090737778,25.12695151,22.734,10.708,142.35,4175.72
Los_angeles,Anheim,-117.9385,33.8306,2001,13.17666667,0.084330667,27.25444867,22.312,9.86,321.2,4133.332605
Los_angeles,Anheim,-117.9385,33.8306,2002,15.04343765,0.096278001,28.02797622,22.204,9.834,430.7,4133.332605
Los_angeles,Anheim,-117.9385,33.8306,2003,12.71510968,0.081376702,27.49806825,21.88,9.32,587.65,4190.175977
Los_angeles,Anheim,-117.9385,33.8306,2004,14.24038003,0.091138432,29.03067243,22.718,10.206,262.8,4190.175977
Los_angeles,Anheim,-117.9385,33.8306,2005,12.71061598,0.081347942,28.68103045,21.552,11.678,156.95,4298.89
Los_angeles,Anheim,-117.9385,33.8306,2006,12.04188366,0.077068055,27.16060328,23.032,9.258,394.2,4197.744976
Los_angeles,Anheim,-117.9385,33.8306,2007,11.71263042,0.074960835,27.14120952,22.908,9.63,233.6,4197.744976
Los_angeles,Anheim,-117.9385,33.8306,2008,12.10406897,0.077466041,26.93911683,22.862,10.43,635.1,4237.76607
Los_angeles,Anheim,-117.9385,33.8306,2009,13.04809551,0.083507811,28.77344981,22.29,8.962,288.35,4237.76607
Los_angeles,Anheim,-117.9385,33.8306,2010,9.255717464,0.059236592,30.60930703,20.67,9.23,229.95,4409.38
Los_angeles,Anheim,-117.9385,33.8306,2011,8.845573786,0.056611672,24.82480622,21.004,8.742,113.15,4241.695645
Los_angeles,Anheim,-117.9385,33.8306,2012,9.552147465,0.061133744,30.51537677,22.598,9.278,237.25,4241.695645
Los_angeles,Anheim,-117.9385,33.8306,2013,8.641366138,0.055304743,31.41849081,22.958,9.732,182.5,4230.504886
Los_angeles,Anheim,-117.9385,33.8306,2014,8.239571429,0.052733257,30.57078476,23.152,9.354,350.4,4230.504886
Los_angeles,Anheim,-117.9385,33.8306,2015,8.160590476,0.052227779,29.20638851,22.69,10.332,386.9,4472.42
Los_angeles,Anheim,-117.9385,33.8306,2016,10.93775572,0.070001637,27.03658289,23.028,9.904,306.6,4232.598127
Los_angeles,Anheim,-117.9385,33.8306,2017,11.15515987,0.071393023,31.26108257,22.762,8.728,697.15,4232.598127
Los_angeles,Anheim,-117.9385,33.8306,2018,10.94107636,0.070022889,28.55408385,23.034,10.438,284.7,4186.212341
Los_angeles,Anheim,-117.9385,33.8306,2019,8.833477836,0.056534258,30.45996877,21.258,9.66,317.55,4186.212341
Los_angeles,Anheim,-117.9385,33.8306,2020,9.119006664,0.058361643,32.23154912,22.378,9.636,383.25,4511.39
Los_angeles,Laxhasting,-118.4305,33.9551,2000,31.8,0.20352,31.6806969,22.734,10.708,142.35,1346.119
Los_angeles,Laxhasting,-118.4305,33.9551,2001,21.4,0.13696,28.51643923,22.312,9.86,321.2,1427.93306
Los_angeles,Laxhasting,-118.4305,33.9551,2002,25.43,0.162752,29.39928334,22.204,9.834,430.7,1427.93306
Los_angeles,Laxhasting,-118.4305,33.9551,2003,29.16,0.186624,33.37919331,21.88,9.32,587.65,1373.192224
Los_angeles,Laxhasting,-118.4305,33.9551,2004,26.78666667,0.171434667,29.01159228,22.718,10.206,262.8,1373.192224
Los_angeles,Laxhasting,-118.4305,33.9551,2005,21.4,0.13696,33.2640126,21.552,11.678,156.95,1368.57
Los_angeles,Laxhasting,-118.4305,33.9551,2006,25.43,0.162752,29.7090503,23.032,9.258,394.2,1371.474636
Los_angeles,Laxhasting,-118.4305,33.9551,2007,29.16,0.186624,32.25044966,22.908,9.63,233.6,1371.474636
Los_angeles,Laxhasting,-118.4305,33.9551,2008,26.88,0.172032,29.93626834,22.862,10.43,635.1,1369.313382
Los_angeles,Laxhasting,-118.4305,33.9551,2009,22.97333333,0.147029333,30.93331993,22.29,8.962,288.35,1369.313382
Los_angeles,Laxhasting,-118.4305,33.9551,2010,23.36,0.149504,31.89741425,20.67,9.23,229.95,1386.27
Los_angeles,Laxhasting,-118.4305,33.9551,2011,21.52,0.137728,32.70425461,21.004,8.742,113.15,1369.075687
Los_angeles,Laxhasting,-118.4305,33.9551,2012,20.56666667,0.131626667,31.96070191,22.598,9.278,237.25,1369.075687
Los_angeles,Laxhasting,-118.4305,33.9551,2013,22.15,0.14176,31.09087027,22.958,9.732,182.5,1396.225022
Los_angeles,Laxhasting,-118.4305,33.9551,2014,21.08,0.134912,33.69633162,23.152,9.354,350.4,1396.225022
Los_angeles,Laxhasting,-118.4305,33.9551,2015,19.30666667,0.123562667,32.08353061,22.69,10.332,386.9,1388.6
Los_angeles,Laxhasting,-118.4305,33.9551,2016,19.23,0.123072,31.36618408,23.028,9.904,306.6,1395.480146
Los_angeles,Laxhasting,-118.4305,33.9551,2017,18.85666667,0.120682667,33.58392419,22.762,8.728,697.15,1395.480146
Los_angeles,Laxhasting,-118.4305,33.9551,2018,20.8375,0.13336,33.0872164,23.034,10.438,284.7,1449.143052
Los_angeles,Laxhasting,-118.4305,33.9551,2019,16.53333333,0.105813333,29.77941956,21.258,9.66,317.55,1449.143052
Los_angeles,Laxhasting,-118.4305,33.9551,2020,17.83333333,0.114133333,31.8378732,22.378,9.636,383.25,1383.26
Los_angeles,NHMS,-117.9385,34.1365,2000,37.2,0.23808,23.81255721,22.734,10.708,142.35,3987.36
Los_angeles,NHMS,-117.9385,34.1365,2001,33.6,0.21504,22.23636826,22.312,9.86,321.2,3943.094612
Los_angeles,NHMS,-117.9385,34.1365,2002,36.63333333,0.234453333,19.6127375,22.204,9.834,430.7,3943.094612
Los_angeles,NHMS,-117.9385,34.1365,2003,32.46666667,0.207786667,18.64294965,21.88,9.32,587.65,4010.820364
Los_angeles,NHMS,-117.9385,34.1365,2004,37.2,0.23808,18.71458703,22.718,10.206,262.8,4010.820364
Los_angeles,NHMS,-117.9385,34.1365,2005,23.33333333,0.149333333,19.89243834,21.552,11.678,156.95,4053.88
Los_angeles,NHMS,-117.9385,34.1365,2006,31.93333333,0.204373333,18.40599194,23.032,9.258,394.2,4019.929035
Los_angeles,NHMS,-117.9385,34.1365,2007,31.33333333,0.200533333,21.31369784,22.908,9.63,233.6,4019.929035
Los_angeles,NHMS,-117.9385,34.1365,2008,28.3,0.18112,17.9707129,22.862,10.43,635.1,4053.449954
Los_angeles,NHMS,-117.9385,34.1365,2009,29.8,0.19072,19.2989452,22.29,8.962,288.35,4053.449954
Los_angeles,NHMS,-117.9385,34.1365,2010,29.35,0.18784,20.14940964,20.67,9.23,229.95,4106.32
Los_angeles,NHMS,-117.9385,34.1365,2011,27.66666667,0.177066667,18.32073266,21.004,8.742,113.15,4060.451503
Los_angeles,NHMS,-117.9385,34.1365,2012,40.181664,0.25716265,18.43743924,22.598,9.278,237.25,4060.451503
Los_angeles,NHMS,-117.9385,34.1365,2013,35.38911224,0.226490318,16.89761249,22.958,9.732,182.5,4051.38442
Los_angeles,NHMS,-117.9385,34.1365,2014,32.97292945,0.211026748,18.79039307,23.152,9.354,350.4,4051.38442
Los_angeles,NHMS,-117.9385,34.1365,2015,32.34390605,0.207000999,18.60776981,22.69,10.332,386.9,4113.2
Los_angeles,NHMS,-117.9385,34.1365,2016,31.8932085,0.204116534,20.84117278,23.028,9.904,306.6,4053.037545
Los_angeles,NHMS,-117.9385,34.1365,2017,30.56053865,0.195587447,19.43091955,22.762,8.728,697.15,4053.037545
Los_angeles,NHMS,-117.9385,34.1365,2018,32.84409173,0.210202187,18.26710866,23.034,10.438,284.7,4004.409062
Los_angeles,NHMS,-117.9385,34.1365,2019,26.07205602,0.166861159,16.6067166,21.258,9.66,1127.85,4004.409062
Los_angeles,NHMS,-117.9385,34.1365,2020,25.22060387,0.161411865,17.169935,22.378,9.636,861.4,4097.39
New_York,NY124,-73.902,40.816,2000,18.48012791,0.118272819,28.57412956,17.284,7.614,1157.05,10195.16
New_York,NY124,-73.902,40.816,2001,17.60287909,0.112658426,26.88233762,18.686,6.104,1372.4,10051.00909
New_York,NY124,-73.902,40.816,2002,16.12547436,0.103203036,27.66632945,19.332,6.9,1091.35,10051.00909
New_York,NY124,-73.902,40.816,2003,16.7585595,0.107254781,28.62608315,16.946,6.186,1084.05,10160.85809
New_York,NY124,-73.902,40.816,2004,17.18964195,0.110013708,25.02260877,18.206,6.334,1175.3,10160.85809
New_York,NY124,-73.902,40.816,2005,16.98731212,0.108718798,28.48531081,19.02,7.866,1299.4,10209.09
New_York,NY124,-73.902,40.816,2006,17.30219694,0.11073406,28.48531081,18.474,6.576,1288.45,10174.42009
New_York,NY124,-73.902,40.816,2007,17.00159279,0.108810194,25.69262799,17.926,6.956,1248.3,10174.42009
New_York,NY124,-73.902,40.816,2008,15.14046686,0.096898988,27.51680831,18.494,6.456,1120.55,10165.87223
New_York,NY124,-73.902,40.816,2009,13.5569647,0.086764574,26.55523653,17.854,7.554,1529.35,10165.87223
New_York,NY124,-73.902,40.816,2010,13.75928754,0.08805944,27.5391,19.886,6.828,1025.65,10185.34
New_York,NY124,-73.902,40.816,2011,14.04798822,0.089907125,26.5603883,18.768,8.324,1073.1,10155.43207
New_York,NY124,-73.902,40.816,2012,13.58797657,0.08696305,27.3745,19.392,6.362,1288.45,10155.43207
New_York,NY124,-73.902,40.816,2013,13.39137554,0.085704803,27.31529934,18.172,6.868,1368.75,10132.50568
New_York,NY124,-73.902,40.816,2014,13.34509696,0.085408621,25.48189952,17.938,6.736,1332.25,10132.50568
New_York,NY124,-73.902,40.816,2015,13.26932805,0.0849237,29.58998889,18.882,6.826,1620.6,10048.69
New_York,NY124,-73.902,40.816,2016,12.97545037,0.083042882,29.01395118,18.972,7.128,2109.7,10121.43989
New_York,NY124,-73.902,40.816,2017,12.94351066,0.082838468,26.47322481,18.146,6.75,1741.05,10121.43989
New_York,NY124,-73.902,40.816,2018,13.01315846,0.083284214,29.03873705,18.37,7.22,1419.85,10163.74833
New_York,NY124,-73.902,40.816,2019,12.99430442,0.083163548,27.25922032,18.6,6.274,1127.85,10163.74833
New_York,NY124,-73.902,40.816,2020,12.99430442,0.083163548,29.59675436,18.594,10.112,861.4,9859.28
New_York,NY110,-73.93432,40.7997,2000,15.09684953,0.096619837,40.30943637,17.114,11.598,1131.5,17862.17
New_York,NY110,-73.93432,40.7997,2001,14.36773455,0.091953501,40.83806546,17.674,9.202,1408.9,10235.04528
New_York,NY110,-73.93432,40.7997,2002,13.18892231,0.084409103,41.32441986,18.418,11.11,1211.8,10235.04528
New_York,NY110,-73.93432,40.7997,2003,13.69911013,0.087674305,44.17251978,15.978,10.266,1255.6,10347.79864
New_York,NY110,-73.93432,40.7997,2004,14.04761802,0.089904755,41.43465938,17.498,10.87,1277.5,10347.79864
New_York,NY110,-73.93432,40.7997,2005,13.89423385,0.088923097,43.08352443,18.088,12.242,1266.55,18232.57
New_York,NY110,-73.93432,40.7997,2006,14.16478888,0.090654649,43.08352443,17.816,10.85,1321.3,10345.79753
New_York,NY110,-73.93432,40.7997,2007,13.77807581,0.088179685,37.35785709,17.16,12.256,1193.55,10345.79753
New_York,NY110,-73.93432,40.7997,2008,12.54877658,0.08031217,45.96393786,18.03,10.824,1171.65,10405.10694
New_York,NY110,-73.93432,40.7997,2009,11.22582122,0.071845256,43.65072741,17.358,10.856,1726.45,10405.10694
New_York,NY110,-73.93432,40.7997,2010,11.39299478,0.072915167,44.7241,19.022,10.266,1058.5,18542.03
New_York,NY110,-73.93432,40.7997,2011,11.6359035,0.074469782,45.20148858,18.41,13.128,1065.8,10390.82526
New_York,NY110,-73.93432,40.7997,2012,11.40004722,0.072960302,45.2041,19.384,10.172,1157.05,10390.82526
New_York,NY110,-73.93432,40.7997,2013,11.23976777,0.071934514,37.83844446,17.59,11.084,1076.75,10359.65235
New_York,NY110,-73.93432,40.7997,2014,11.19121909,0.071623802,40.37812778,17.384,10.986,1025.65,10359.65235
New_York,NY110,-73.93432,40.7997,2015,11.11862017,0.071159169,40.32943657,17.974,10.658,1182.6,18647.12
New_York,NY110,-73.93432,40.7997,2016,10.89008758,0.069696561,44.0711652,18.262,11.752,1693.6,10357.00438
New_York,NY110,-73.93432,40.7997,2017,10.85630618,0.06948036,37.74050308,17.528,11.352,1419.85,10357.00438
New_York,NY110,-73.93432,40.7997,2018,10.90858015,0.069814913,38.50580521,17.728,11.142,1197.2,10437.94509
New_York,NY110,-73.93432,40.7997,2019,10.89008758,0.069696561,42.52644029,18.096,10.524,1098.65,10437.94509
New_York,NY110,-73.93432,40.7997,2020,10.89008758,0.069696561,33.09910811,18.086,15.87,894.25,18649.54
New_York,NY79,-73.82153,40.7361,2000,33.44471334,0.214046165,24.39732455,17.284,7.614,1131.5,8703.343
New_York,NY79,-73.82153,40.7361,2001,31.86325077,0.203924805,26.84180116,18.686,6.104,1408.9,8740.9222
New_York,NY79,-73.82153,40.7361,2002,29.70777452,0.190129757,23.8902935,19.332,6.9,1211.8,8778.5014
New_York,NY79,-73.82153,40.7361,2003,31.02891147,0.198585033,25.52951932,16.946,6.186,1255.6,8816.0806
New_York,NY79,-73.82153,40.7361,2004,31.82052635,0.203651369,25.54592784,18.206,6.334,1277.5,8853.6598
New_York,NY79,-73.82153,40.7361,2005,31.47518728,0.201441199,30.19949427,19.02,7.866,1266.55,8891.239
New_York,NY79,-73.82153,40.7361,2006,30.35072237,0.194244623,30.19949427,18.474,6.576,1321.3,8922.93122
New_York,NY79,-73.82153,40.7361,2007,28.49813085,0.182388037,27.08388568,17.926,6.956,1193.55,8954.62344
New_York,NY79,-73.82153,40.7361,2008,25.59140557,0.163784996,26.53308796,18.494,6.456,1171.65,8986.31566
New_York,NY79,-73.82153,40.7361,2009,22.94273581,0.146833509,24.99348825,17.854,7.554,1726.45,9018.00788
New_York,NY79,-73.82153,40.7361,2010,23.22131535,0.148616418,25.8264,19.886,6.828,1058.5,9049.7001
New_York,NY79,-73.82153,40.7361,2011,23.44646025,0.150057346,26.42151964,18.768,8.324,1065.8,9061.478366
New_York,NY79,-73.82153,40.7361,2012,23.28719012,0.149038017,27.39835,19.392,6.362,1157.05,9073.256632
New_York,NY79,-73.82153,40.7361,2013,23.01315311,0.14728418,30.14261468,18.172,6.868,1076.75,9085.034898
New_York,NY79,-73.82153,40.7361,2014,23.10941229,0.147900239,26.96248453,17.938,6.736,1025.65,9096.813164
New_York,NY79,-73.82153,40.7361,2015,23.00404711,0.147225902,26.74065164,18.882,6.826,1182.6,9108.59143
New_York,NY79,-73.82153,40.7361,2016,22.45584037,0.143717378,25.60963296,18.972,7.128,1693.6,9110.348544
New_York,NY79,-73.82153,40.7361,2017,22.69293414,0.145234778,26.17791479,18.146,6.75,1419.85,9112.105658
New_York,NY79,-73.82153,40.7361,2018,23.37581944,0.149605244,27.63244369,18.37,7.22,1197.2,9113.862772
New_York,NY79,-73.82153,40.7361,2019,22.84849063,0.14623034,29.19079633,18.6,6.274,835.85,9115.619886
New_York,NY79,-73.82153,40.7361,2020,22.84849063,0.14623034,26.99537623,18.594,10.112,708.1,9117.377
Stockholm,SE,18.0044,59.3255,2000,34.35706944,0.219885244,21.45285322,13.762,6.008,631.45,8419.37
Stockholm,SE,18.0044,59.3255,2001,25.05333122,0.16034132,22.48360542,14.648,5.732,682.55,10835.60128
Stockholm,SE,18.0044,59.3255,2002,17.44490934,0.11164742,24.57069763,16.168,5.694,653.35,10835.60128
Stockholm,SE,18.0044,59.3255,2003,20.48737589,0.131119206,25.21620656,15.352,5.97,594.95,10982.32069
Stockholm,SE,18.0044,59.3255,2004,24.72616438,0.158247452,23.67756825,14.386,5.748,657,10982.32069
Stockholm,SE,18.0044,59.3255,2005,28.52114286,0.182535314,23.39175248,14.846,5.714,686.2,9909.3
Stockholm,SE,18.0044,59.3255,2006,34.35706944,0.219885244,23.81895424,16.16,5.736,719.05,11009.28231
Stockholm,SE,18.0044,59.3255,2007,25.05333122,0.16034132,25.01994033,14.802,6.172,766.5,11009.28231
Stockholm,SE,18.0044,59.3255,2008,22.84076532,0.146180898,24.03882878,14.734,5.87,642.4,11209.66274
Stockholm,SE,18.0044,59.3255,2009,20.11699502,0.128748768,26.66127249,14.584,5.912,620.5,11209.66274
Stockholm,SE,18.0044,59.3255,2010,22.48226833,0.143886517,23.33906595,15.056,6.064,949,10869.38
Stockholm,SE,18.0044,59.3255,2011,23.79981875,0.15231884,25.45242449,15.664,6.022,532.9,11185.21648
Stockholm,SE,18.0044,59.3255,2012,18.22003306,0.116608212,25.07824406,14.128,6.08,686.2,11185.21648
Stockholm,SE,18.0044,59.3255,2013,20.93154861,0.133961911,22.25679739,15.474,5.444,788.4,9831.736206
Stockholm,SE,18.0044,59.3255,2014,20.10309739,0.128659823,25.26178999,15.034,6.206,584,9831.736206
Stockholm,SE,18.0044,59.3255,2015,17.46434152,0.111771786,25.10948675,14.156,5.94,627.8,12137.86
Stockholm,SE,18.0044,59.3255,2016,20.60997549,0.131903843,24.2160923,15.544,6.354,467.2,9846.386724
Stockholm,SE,18.0044,59.3255,2017,20.75643855,0.132841207,23.25000371,14.556,5.862,715.4,9846.386724
Stockholm,SE,18.0044,59.3255,2018,25.09171707,0.160586989,25.39651704,17.052,6.142,576.7,11908.16862
Stockholm,SE,18.0044,59.3255,2019,18.59162477,0.118986399,25.02288548,15.432,6.002,835.85,11908.16862
Stockholm,SE,18.0044,59.3255,2020,16.33273566,0.104529508,23.75153443,15.466,5.71,708.1,11817.76
Stockholm,SSG,18.0583,59.3408,2000,22.13549525,0.14166717,21.54243495,13.762,6.008,631.45,10403.28
Stockholm,SSG,18.0583,59.3408,2001,21.49180408,0.137547546,18.94793919,14.648,5.732,682.55,11033.92563
Stockholm,SSG,18.0583,59.3408,2002,21.84040238,0.139778575,21.18307054,16.168,5.694,653.35,11033.92563
Stockholm,SSG,18.0583,59.3408,2003,23.90003618,0.152960232,21.06248385,15.352,5.97,594.95,11237.39533
Stockholm,SSG,18.0583,59.3408,2004,22.85873404,0.146295898,23.34671803,14.386,5.748,657,11237.39533
Stockholm,SSG,18.0583,59.3408,2005,22.85126809,0.146248116,22.642064,14.846,5.714,686.2,12243.52
Stockholm,SSG,18.0583,59.3408,2006,30.79679848,0.19709951,20.32030131,16.16,5.736,719.05,11270.27575
Stockholm,SSG,18.0583,59.3408,2007,23.40566127,0.149796232,20.83405548,14.802,6.172,766.5,11270.27575
Stockholm,SSG,18.0583,59.3408,2008,22.9794435,0.147068438,19.7429538,14.734,5.87,642.4,11447.11318
Stockholm,SSG,18.0583,59.3408,2009,20.04840741,0.128309807,19.14483764,14.584,5.912,620.5,11447.11318
Stockholm,SSG,18.0583,59.3408,2010,18.80760684,0.120368684,18.89035498,15.056,6.064,949,13429.32
Stockholm,SSG,18.0583,59.3408,2011,21.66800475,0.13867523,20.10493643,15.664,6.022,532.9,11328.91711
Stockholm,SSG,18.0583,59.3408,2012,18.43806374,0.118003608,19.73210942,14.128,6.08,686.2,11328.91711
Stockholm,SSG,18.0583,59.3408,2013,19.85847733,0.127094255,19.71886002,15.474,5.444,788.4,9436.164358
Stockholm,SSG,18.0583,59.3408,2014,16.91125016,0.108232001,20.63083416,15.034,6.206,584,9436.164358
Stockholm,SSG,18.0583,59.3408,2015,15.61625397,0.099944025,19.41851637,14.156,5.94,627.8,2646.79
Stockholm,SSG,18.0583,59.3408,2016,21.07423921,0.134875131,19.03790267,15.544,6.354,467.2,9456.198129
Stockholm,SSG,18.0583,59.3408,2017,15.88668495,0.101674784,18.72115896,14.556,5.862,715.4,9456.198129
Stockholm,SSG,18.0583,59.3408,2018,18.3442388,0.117403128,18.26833152,17.052,6.142,576.7,11923.14353
Stockholm,SSG,18.0583,59.3408,2019,15.42782452,0.098738077,19.21970866,15.432,6.002,835.85,11923.14353
Stockholm,SSG,18.0583,59.3408,2020,14.82090622,0.0948538,20.08405436,15.466,5.71,708.1,14600.57
Stockholm,STK,18.0578,59.316,2000,19.67422402,0.125915034,22.57292059,13.762,6.008,631.45,12345.43
Stockholm,STK,18.0578,59.316,2001,17.34975362,0.111038423,21.94204838,14.648,5.732,682.55,11992.70545
Stockholm,STK,18.0578,59.316,2002,14.30869565,0.091575652,23.6936996,16.168,5.694,653.35,11992.70545
Stockholm,STK,18.0578,59.316,2003,11.53543092,0.073826758,25.43573358,15.352,5.97,594.95,12211.62963
Stockholm,STK,18.0578,59.316,2004,12.66406036,0.081049986,26.55635276,14.386,5.748,657,12211.62963
Stockholm,STK,18.0578,59.316,2005,13.66137405,0.087432794,23.66130068,14.846,5.714,686.2,14529.16
Stockholm,STK,18.0578,59.316,2006,20.56142869,0.131593144,26.69859309,16.16,5.736,719.05,12242.96175
Stockholm,STK,18.0578,59.316,2007,16.09854201,0.103030669,26.59802846,14.802,6.172,766.5,12242.96175
Stockholm,STK,18.0578,59.316,2008,16.16992096,0.103487494,24.17339116,14.734,5.87,642.4,12363.96294
Stockholm,STK,18.0578,59.316,2009,12.51035879,0.080066296,26.89060808,14.584,5.912,620.5,12363.96294
Stockholm,STK,18.0578,59.316,2010,14.02360557,0.089751076,26.29623096,15.056,6.064,949,15936.29
Stockholm,STK,18.0578,59.316,2011,14.05606553,0.089958819,25.2498916,15.664,6.022,532.9,12272.79785
Stockholm,STK,18.0578,59.316,2012,12.53422035,0.08021901,25.93086676,14.128,6.08,686.2,12272.79785
Stockholm,STK,18.0578,59.316,2013,15.09550742,0.096611248,26.16499926,15.474,5.444,788.4,10288.13854
Stockholm,STK,18.0578,59.316,2014,13.01915704,0.083322605,24.0695629,15.034,6.206,584,10288.13854
Stockholm,STK,18.0578,59.316,2015,11.55846436,0.073974172,24.27912872,14.156,5.94,627.8,2571.72
Stockholm,STK,18.0578,59.316,2016,11.78388235,0.075416847,22.17985141,15.544,6.354,467.2,10302.106
Stockholm,STK,18.0578,59.316,2017,11.57211448,0.074061533,26.71964003,14.556,5.862,715.4,10302.106
Stockholm,STK,18.0578,59.316,2018,11.82682403,0.075691674,27.18324467,17.052,6.142,576.7,12381.08577
Stockholm,STK,18.0578,59.316,2019,9.736900782,0.062316165,25.55741511,15.432,6.002,715.4,12381.08577
Stockholm,STK,18.0578,59.316,2020,9.725674814,0.062244319,24.38048057,15.466,5.71,576.7,17326.14
